4,Afghanistan,2,Medium,2015,2015.5,17686.166,16727.437,34413.603,52.712
903,Africa,2,Medium,2015,2015.5,590281.019,592157.784,1182438.803,39.882
1823,African Group,2,Medium,2015,2015.5,589465.802,591337.551,1180803.353,40.192
1560,African Union,2,Medium,2015,2015.5,589742.068,591587.496,1181329.564,39.849
2080,African Union: Central Africa,2,Medium,2015,2015.5,68120.034,68358.847,136478.881,25.869
2081,African Union: Eastern Africa,2,Medium,2015,2015.5,171217.66,172611.861,343829.521,53.781
2082,African Union: Northern Africa,2,Medium,2015,2015.5,95046.538,93958.42,189004.958,26.866
2083,African Union: Southern Africa,2,Medium,2015,2015.5,80582.194,83768.539,164350.733,27.817
2084,African Union: Western Africa,2,Medium,2015,2015.5,174775.642,172889.829,347665.471,69.078
8,Albania,2,Medium,2015,2015.5,1471.456,1419.068,2890.524,105.494
12,Algeria,2,Medium,2015,2015.5,20063.891,19664.129,39728.02,16.68
16,American Samoa,2,Medium,2015,2015.5,,,55.806,279.03
1533,Andean Community,2,Medium,2015,2015.5,52000.549,53072.611,105073.16,28.237
20,Andorra,2,Medium,2015,2015.5,,,77.993,165.943
24,Angola,2,Medium,2015,2015.5,13791.244,14093.136,27884.38,22.367
660,Anguilla,2,Medium,2015,2015.5,,,14.279,158.656
28,Antigua and Barbuda,2,Medium,2015,2015.5,45.028,48.543,93.571,212.661
32,Argentina,2,Medium,2015,2015.5,20989.15,22086.266,43075.416,15.74
51,Armenia,2,Medium,2015,2015.5,1375.333,1550.226,2925.559,102.759
533,Aruba,2,Medium,2015,2015.5,49.597,54.742,104.339,579.661
935,Asia,2,Medium,2015,2015.5,2268502.595,2164972.727,4433475.322,142.863
1207,Asia-Pacific Economic Cooperation (APEC),2,Medium,2015,2015.5,1451264.794,1432144.034,2883408.828,47.949
1824,Asia-Pacific Group,2,Medium,2015,2015.5,2259491.967,2155364.569,4414856.536,140.861
1557,Association of Southeast Asian Nations (ASEAN),2,Medium,2015,2015.5,316349.046,316760.359,633109.405,146.356
36,Australia,2,Medium,2015,2015.5,11925.355,12007.144,23932.499,3.115
927,Australia/New Zealand,2,Medium,2015,2015.5,14194.316,14352.71,28547.026,3.593
40,Austria,2,Medium,2015,2015.5,4248.656,4430.011,8678.667,105.312
31,Azerbaijan,2,Medium,2015,2015.5,4788.513,4834.228,9622.741,116.416
1525,BRIC,2,Medium,2015,2015.5,1571560.209,1494896.869,3066457.078,82.662
1526,BRICS,2,Medium,2015,2015.5,1598897.213,1522946.234,3121843.447,81.49
44,Bahamas,2,Medium,2015,2015.5,181.608,192.592,374.2,37.383
48,Bahrain,2,Medium,2015,2015.5,846.756,525.097,1371.853,1805.07
50,Bangladesh,2,Medium,2015,2015.5,79217.157,77039.13,156256.287,1200.402
52,Barbados,2,Medium,2015,2015.5,137.548,147.779,285.327,663.551
112,Belarus,2,Medium,2015,2015.5,4392.411,5047.013,9439.424,46.52
56,Belgium,2,Medium,2015,2015.5,5548.634,5739.297,11287.931,372.785
84,Belize,2,Medium,2015,2015.5,180.135,180.791,360.926,15.823
2067,Belt-Road Initiative (BRI),2,Medium,2015,2015.5,1573283.724,1580395.72,3153679.444,46.763
2068,Belt-Road Initiative: Africa,2,Medium,2015,2015.5,526077.83,527382.879,1053460.709,43.481
2069,Belt-Road Initiative: Asia,2,Medium,2015,2015.5,743823.636,726550.654,1470374.29,85.658
2070,Belt-Road Initiative: Europe,2,Medium,2015,2015.5,197522.143,218606.051,416128.194,21.786
2071,Belt-Road Initiative: Latin America and the Caribbean,2,Medium,2015,2015.5,98662.596,100769.229,199431.825,32.201
2072,Belt-Road Initiative: Pacific,2,Medium,2015,2015.5,7197.519,7086.907,14284.426,19.011
204,Benin,2,Medium,2015,2015.5,5270.132,5305.83,10575.962,93.792
60,Bermuda,2,Medium,2015,2015.5,,,63.695,1273.9
64,Bhutan,2,Medium,2015,2015.5,384.018,343.867,727.885,19.096
1527,Black Sea Economic Cooperation (BSEC),2,Medium,2015,2015.5,160902.122,177729.13,338631.252,18.283
1569,Bolivarian Alliance for the Americas (ALBA),2,Medium,2015,2015.5,29416.824,29696.565,59113.389,26.932
68,Bolivia (Plurinational State of),2,Medium,2015,2015.5,5463.444,5406.288,10869.732,10.034
70,Bosnia and Herzegovina,2,Medium,2015,2015.5,1681.343,1748.019,3429.362,67.242
72,Botswana,2,Medium,2015,2015.5,1021.216,1099.5,2120.716,3.742
76,Brazil,2,Medium,2015,2015.5,100657.516,103814.243,204471.759,24.464
92,British Virgin Islands,2,Medium,2015,2015.5,,,29.148,194.32
96,Brunei Darussalam,2,Medium,2015,2015.5,215.828,199.086,414.914,78.731
100,Bulgaria,2,Medium,2015,2015.5,3501.634,3698.105,7199.739,66.32
854,Burkina Faso,2,Medium,2015,2015.5,9018.772,9091.844,18110.616,66.194
108,Burundi,2,Medium,2015,2015.5,5030.735,5129.299,10160.034,395.64
132,Cabo Verde,2,Medium,2015,2015.5,263.07,261.67,524.74,130.208
116,Cambodia,2,Medium,2015,2015.5,7570.441,7950.994,15521.435,87.93
120,Cameroon,2,Medium,2015,2015.5,11640.88,11657.496,23298.376,49.287
124,Canada,2,Medium,2015,2015.5,17864.138,18162.53,36026.668,3.962
915,Caribbean,2,Medium,2015,2015.5,21070.592,21551.688,42622.28,188.587
1530,Caribbean Community and Common Market (CARICOM),2,Medium,2015,2015.5,8866.182,9056.521,17922.703,41.439
136,Cayman Islands,2,Medium,2015,2015.5,,,61.721,257.171
140,Central African Republic,2,Medium,2015,2015.5,2226.565,2266.606,4493.171,7.212
916,Central America,2,Medium,2015,2015.5,82776.263,86172.893,168949.156,68.895
5500,Central Asia,2,Medium,2015,2015.5,33868.619,34611.375,68479.994,17.439
1545,Central European Free Trade Agreement (CEFTA),2,Medium,2015,2015.5,12845.852,13360.682,26206.534,89.338
921,Central and Southern Asia,2,Medium,2015,2015.5,977497.118,918830.175,1896327.293,183.63
148,Chad,2,Medium,2015,2015.5,7041.734,7069.237,14110.971,11.206
830,Channel Islands,2,Medium,2015,2015.5,81.716,83.671,165.387,870.458
152,Chile,2,Medium,2015,2015.5,8844.8,9124.556,17969.356,24.168
156,China,2,Medium,2015,2015.5,722508.006,684339.862,1406847.868,149.853
1105,China (and dependencies),2,Medium,2015,2015.5,737896.196,700297.23,1438193.426,152.598
170,Colombia,2,Medium,2015,2015.5,23288.781,24231.886,47520.667,42.831
1566,Commonwealth of Independent States (CIS),2,Medium,2015,2015.5,134334.462,150110.656,284445.118,13.398
2074,Commonwealth of Nations,2,Medium,2015,2015.5,1222549.416,1163945.508,2386494.924,79.612
2075,Commonwealth: Africa,2,Medium,2015,2015.5,256806.776,257697.665,514504.441,67.256
2076,Commonwealth: Asia,2,Medium,2015,2015.5,891886.321,831135.357,1723021.678,403.379
2077,Commonwealth: Caribbean and Americas,2,Medium,2015,2015.5,21166.799,21522.93,42689.729,4.569
2078,Commonwealth: Europe,2,Medium,2015,2015.5,33259.864,34194.831,67454.695,268.22
2079,Commonwealth: Pacific,2,Medium,2015,2015.5,19429.656,19394.725,38824.381,4.588
174,Comoros,2,Medium,2015,2015.5,392.089,385.346,777.435,417.751
178,Congo,2,Medium,2015,2015.5,2422.571,2433.522,4856.093,14.22
184,Cook Islands,2,Medium,2015,2015.5,,,17.581,73.254
188,Costa Rica,2,Medium,2015,2015.5,2425.53,2422.275,4847.805,94.943
1638,Countries with Access to the Sea,2,Medium,2015,2015.5,3456077.71,3388080.358,6844158.068,60.608
2094,Countries with Access to the Sea: Africa,2,Medium,2015,2015.5,442844.572,442410.299,885254.871,41.55
2095,Countries with Access to the Sea: Asia,2,Medium,2015,2015.5,2193138.895,2087412.019,4280550.914,175.601
2096,Countries with Access to the Sea: Europe,2,Medium,2015,2015.5,325231.068,349855.829,675086.897,31.479
2097,Countries with Access to the Sea: Latin America and the Caribbean,2,Medium,2015,2015.5,298269.604,308106.044,606375.648,32.498
2098,Countries with Access to the Sea: Northern America,2,Medium,2015,2015.5,176639.49,180391.555,357031.045,19.142
2099,Countries with Access to the Sea: Oceania,2,Medium,2015,2015.5,19954.081,19904.612,39858.693,4.697
191,Croatia,2,Medium,2015,2015.5,2035.405,2197.469,4232.874,75.641
192,Cuba,2,Medium,2015,2015.5,5627.75,5697.027,11324.777,106.396
531,Curaçao,2,Medium,2015,2015.5,73.231,86.619,159.85,360.023
196,Cyprus,2,Medium,2015,2015.5,581.395,579.592,1160.987,125.648
203,Czechia,2,Medium,2015,2015.5,5208.98,5392.41,10601.39,137.253
384,Côte d'Ivoire,2,Medium,2015,2015.5,11747.319,11478.829,23226.148,73.038
408,Dem. People's Republic of Korea,2,Medium,2015,2015.5,12314.25,12869.582,25183.832,209.151
180,Democratic Republic of the Congo,2,Medium,2015,2015.5,38019.96,38224.572,76244.532,33.632
208,Denmark,2,Medium,2015,2015.5,2828.808,2859.887,5688.695,134.072
1106,Denmark (and dependencies),2,Medium,2015,2015.5,2883.736,2909.392,5793.128,12.752
262,Djibouti,2,Medium,2015,2015.5,483.117,430.881,913.998,39.43
212,Dominica,2,Medium,2015,2015.5,,,71.175,94.9
214,Dominican Republic,2,Medium,2015,2015.5,5147.367,5134.308,10281.675,212.783
1737,ECE: North America-2,2,Medium,2015,2015.5,176576.259,180328.721,356904.98,19.566
1736,ECE: UNECE-52,2,Medium,2015,2015.5,619642.065,652525.606,1272167.671,28.095
1744,ECLAC: Latin America,2,Medium,2015,2015.5,301145.357,310517.142,611662.499,31.166
1746,ECLAC: The Caribbean,2,Medium,2015,2015.5,5989.935,6278.856,12268.791,24.462
1071,ESCAP region: East and North-East Asia,2,Medium,2015,2015.5,827929.309,793697.135,1621626.444,140.705
1074,ESCAP region: North and Central Asia,2,Medium,2015,2015.5,109125.568,120911.965,230037.533,11.23
1075,ESCAP region: Pacific,2,Medium,2015,2015.5,19947.505,19897.679,39845.184,4.695
1073,ESCAP region: South and South-West Asia,2,Medium,2015,2015.5,982278.561,924098.151,1906376.712,265.891
1072,ESCAP region: South-East Asia,2,Medium,2015,2015.5,316953.785,317351.914,634305.699,146.13
2061,ESCAP: ADB Developing member countries (DMCs),2,Medium,2015,2015.5,1988992.27,1894039.169,3883031.439,157.381
2058,ESCAP: ADB Group A (Concessional assistance only),2,Medium,2015,2015.5,75040.66,78394.52,153435.18,67.519
2059,ESCAP: ADB Group B (OCR blend),2,Medium,2015,2015.5,884718.653,824366.699,1709085.352,270.365
2060,ESCAP: ADB Group C (Regular OCR only),2,Medium,2015,2015.5,1029232.957,991277.95,2020510.907,125.662
1054,ESCAP: ASEAN,2,Medium,2015,2015.5,316349.046,316760.359,633109.405,146.356
1057,ESCAP: Central Asia,2,Medium,2015,2015.5,41954.213,43098.261,85052.474,20.707
1055,ESCAP: ECO,2,Medium,2015,2015.5,237364.194,231600.718,468964.912,59.883
2049,ESCAP: HDI groups,2,Medium,2015,2015.5,2256234.728,2175956.844,4432191.572,85.224
1060,ESCAP: Landlocked countries (LLDCs),2,Medium,2015,2015.5,75363.7,77560.708,152924.408,22.973
1059,ESCAP: Least Developed Countries (LDCs),2,Medium,2015,2015.5,147137.14,148411.568,295548.708,142.023
1058,ESCAP: Pacific island dev. econ.,2,Medium,2015,2015.5,5753.189,5544.969,11298.158,20.895
1056,ESCAP: SAARC,2,Medium,2015,2015.5,903898.356,845456.735,1749355.091,366.62
2048,ESCAP: WB High income econ.,2,Medium,2015,2015.5,109352.848,112569.731,221922.579,26.302
2045,ESCAP: WB Low income econ.,2,Medium,2015,2015.5,42398.379,44214.089,86612.468,94.491
2046,ESCAP: WB Lower middle income econ.,2,Medium,2015,2015.5,1168526.55,1109020.978,2277547.528,220.957
2047,ESCAP: WB Upper middle income econ.,2,Medium,2015,2015.5,935947.48,910142.326,1846089.806,57.077
2044,ESCAP: WB income groups,2,Medium,2015,2015.5,2256225.257,2175947.124,4432172.381,85.225
2053,ESCAP: high HDI,2,Medium,2015,2015.5,109072.405,112295.619,221368.024,26.305
1064,ESCAP: high income,2,Medium,2015,2015.5,109180.196,112403.111,221583.307,26.275
2054,ESCAP: income groups,2,Medium,2015,2015.5,2256234.728,2175956.844,4432191.572,85.224
2050,ESCAP: low HDI,2,Medium,2015,2015.5,939450.806,882336.825,1821787.631,283.831
1062,ESCAP: low income,2,Medium,2015,2015.5,1016208.013,960109.401,1976317.414,264.754
2051,ESCAP: lower middle HDI,2,Medium,2015,2015.5,1021095.304,983172.289,2004267.593,132.43
2055,ESCAP: lower middle income,2,Medium,2015,2015.5,277933.02,277265.668,555198.688,84.899
1065,ESCAP: other Asia-Pacific countries/areas,2,Medium,2015,2015.5,98811.908,86154.607,184966.515,47.658
2052,ESCAP: upper middle HDI,2,Medium,2015,2015.5,186616.213,198152.111,384768.324,17.46
2056,ESCAP: upper middle income,2,Medium,2015,2015.5,852913.499,826178.664,1679092.163,56.786
2062,ESCWA: Arab countries,2,Medium,2015,2015.5,205035.978,191251.391,396287.369,30.459
2066,ESCWA: Arab least developed countries,2,Medium,2015,2015.5,42566.433,42369.337,84935.77,21.362
2065,ESCWA: Gulf Cooperation Council countries,2,Medium,2015,2015.5,32397.687,20623.375,53021.062,20.607
2063,ESCWA: Maghreb countries,2,Medium,2015,2015.5,46025.046,45964.848,91989.894,19.395
2064,ESCWA: Mashreq countries,2,Medium,2015,2015.5,84046.812,82293.831,166340.643,96.798
1765,ESCWA: member countries,2,Medium,2015,2015.5,177214.025,163856.687,341070.712,34.188
1563,East African Community (EAC),2,Medium,2015,2015.5,84228.324,85602.857,169831.181,73.328
910,Eastern Africa,2,Medium,2015,2015.5,193127.857,196543.438,389671.295,58.443
906,Eastern Asia,2,Medium,2015,2015.5,839695.29,805488.627,1645183.917,142.311
923,Eastern Europe,2,Medium,2015,2015.5,138435.203,155955.547,294390.75,16.307
1825,Eastern European Group,2,Medium,2015,2015.5,161320.722,180094.413,341415.135,18.276
1832,Eastern and South-Eastern Asia,2,Medium,2015,2015.5,1156649.075,1122840.541,2279489.616,143.354
1538,Economic Community of Central African States (ECCAS),2,Medium,2015,2015.5,87493.926,88238.401,175732.327,26.841
1540,Economic Community of West African States (ECOWAS),2,Medium,2015,2015.5,174775.642,172889.829,347665.471,69.078
1547,Economic Cooperation Organization (ECO),2,Medium,2015,2015.5,237364.194,231600.718,468964.912,59.883
218,Ecuador,2,Medium,2015,2015.5,8114.959,8097.063,16212.022,65.276
818,Egypt,2,Medium,2015,2015.5,46717.678,45724.871,92442.549,92.865
222,El Salvador,2,Medium,2015,2015.5,2974.229,3350.892,6325.121,305.266
226,Equatorial Guinea,2,Medium,2015,2015.5,645.986,522.589,1168.575,41.66
232,Eritrea,2,Medium,2015,2015.5,1674.33,1668.488,3342.818,33.097
233,Estonia,2,Medium,2015,2015.5,615.225,700.105,1315.33,31.029
748,Eswatini,2,Medium,2015,2015.5,532.23,571.808,1104.038,64.188
231,Ethiopia,2,Medium,2015,2015.5,50408.589,50426.864,100835.453,100.835
1546,Eurasian Economic Community (Eurasec),2,Medium,2015,2015.5,102692.315,114646.879,217339.194,10.847
917,Europe,2,Medium,2015,2015.5,358182.5,384876.478,743058.978,33.57
1506,Europe (48),2,Medium,2015,2015.5,358182.5,384876.478,743058.978,33.57
1829,Europe and Northern America,2,Medium,2015,2015.5,534821.99,565268.033,1100090.023,26.972
1550,European Community (EC: 12),2,Medium,2015,2015.5,185754.834,193758.69,379513.524,162.924
1544,European Free Trade Agreement (EFTA),2,Medium,2015,2015.5,6908.285,6956.019,13864.304,27.444
1549,European Union (EU: 15),2,Medium,2015,2015.5,197581.961,205856.307,403438.268,129.058
986,European Union (EU: 28),2,Medium,2015,2015.5,248459.278,260096.412,508555.69,119.949
238,Falkland Islands (Malvinas),2,Medium,2015,2015.5,,,2.836,0.233
234,Faroe Islands,2,Medium,2015,2015.5,,,48.055,34.423
242,Fiji,2,Medium,2015,2015.5,441.372,427.26,868.632,47.544
246,Finland,2,Medium,2015,2015.5,2697.615,2783.513,5481.128,18.037
250,France,2,Medium,2015,2015.5,31230.758,33222.436,64453.194,117.71
1107,France (and dependencies),2,Medium,2015,2015.5,32562.132,34642.179,67204.311,102.18
254,French Guiana,2,Medium,2015,2015.5,128.863,132.145,261.008,3.175
258,French Polynesia,2,Medium,2015,2015.5,138.667,134.452,273.119,74.623
266,Gabon,2,Medium,2015,2015.5,991.831,955.859,1947.69,7.559
270,Gambia,2,Medium,2015,2015.5,1034.7,1051.16,2085.86,206.113
268,Georgia,2,Medium,2015,2015.5,1921.748,2102.432,4024.18,57.91
276,Germany,2,Medium,2015,2015.5,40224.576,41562.835,81787.411,234.644
288,Ghana,2,Medium,2015,2015.5,14104.836,13744.367,27849.203,122.393
292,Gibraltar,2,Medium,2015,2015.5,,,33.742,3374.2
1536,Greater Arab Free Trade Area (GAFTA),2,Medium,2015,2015.5,195250.368,181502.06,376752.428,33.26
300,Greece,2,Medium,2015,2015.5,5232.856,5426.881,10659.737,82.698
304,Greenland,2,Medium,2015,2015.5,,,56.378,0.137
308,Grenada,2,Medium,2015,2015.5,55.289,54.314,109.603,322.362
1556,Group of 77 (G77),2,Medium,2015,2015.5,2928571.968,2827739.248,5756311.216,77.505
1523,Group of Eight (G8),2,Medium,2015,2015.5,439595.314,462959.107,902554.421,24.786
1522,Group of Seven (G7),2,Medium,2015,2015.5,372423.959,385145.403,757569.362,37.807
1524,Group of Twenty (G20) - member states,2,Medium,2015,2015.5,2276119.709,2211612.699,4487732.408,59.41
312,Guadeloupe,2,Medium,2015,2015.5,185.411,214.849,400.26,245.86
316,Guam,2,Medium,2015,2015.5,81.917,79.934,161.851,299.724
320,Guatemala,2,Medium,2015,2015.5,7995,8257.425,16252.425,151.665
324,Guinea,2,Medium,2015,2015.5,5474.968,5957.128,11432.096,46.525
624,Guinea-Bissau,2,Medium,2015,2015.5,845.894,891.313,1737.207,61.778
1561,Gulf Cooperation Council (GCC),2,Medium,2015,2015.5,32397.687,20623.375,53021.062,20.607
328,Guyana,2,Medium,2015,2015.5,383.717,383.716,767.433,3.899
332,Haiti,2,Medium,2015,2015.5,5279.57,5415.97,10695.54,388.082
1503,High-income countries,2,Medium,2015,2015.5,612994.86,620939.79,1233934.65,32.57
336,Holy See,2,Medium,2015,2015.5,,,0.79,1795.455
340,Honduras,2,Medium,2015,2015.5,4549.686,4563.218,9112.904,81.445
348,Hungary,2,Medium,2015,2015.5,4646.716,5131.209,9777.925,108.008
352,Iceland,2,Medium,2015,2015.5,165.685,164.552,330.237,3.294
356,India,2,Medium,2015,2015.5,681223.332,628929.06,1310152.392,440.655
360,Indonesia,2,Medium,2015,2015.5,130132.842,128250.415,258383.257,142.629
364,Iran (Islamic Republic of),2,Medium,2015,2015.5,39730.143,38762.065,78492.208,48.198
368,Iraq,2,Medium,2015,2015.5,17983.741,17588.528,35572.269,81.903
372,Ireland,2,Medium,2015,2015.5,2302.544,2349.876,4652.42,67.534
833,Isle of Man,2,Medium,2015,2015.5,,,83.232,146.021
376,Israel,2,Medium,2015,2015.5,3956.334,4022.162,7978.496,368.692
380,Italy,2,Medium,2015,2015.5,29394.123,31184.366,60578.489,205.951
388,Jamaica,2,Medium,2015,2015.5,1436.7,1454.324,2891.024,266.946
392,Japan,2,Medium,2015,2015.5,62536.745,65448.394,127985.139,351.072
400,Jordan,2,Medium,2015,2015.5,4693.41,4573.163,9266.573,104.377
398,Kazakhstan,2,Medium,2015,2015.5,8507.888,9064.122,17572.01,6.509
404,Kenya,2,Medium,2015,2015.5,23782.609,24095.73,47878.339,84.124
296,Kiribati,2,Medium,2015,2015.5,54.491,56.436,110.927,136.947
414,Kuwait,2,Medium,2015,2015.5,2255.989,1579.599,3835.588,215.241
417,Kyrgyzstan,2,Medium,2015,2015.5,2948.492,3010.634,5959.126,31.069
2087,LLDC: Africa,2,Medium,2015,2015.5,147436.447,149747.485,297183.932,35.622
2088,LLDC: Asia,2,Medium,2015,2015.5,75363.7,77560.708,152924.408,22.973
2089,LLDC: Europe,2,Medium,2015,2015.5,2996.667,3153.373,6150.04,105.907
2090,LLDC: Latin America,2,Medium,2015,2015.5,8867.085,8691.393,17558.478,11.859
1607,Land-locked Countries,2,Medium,2015,2015.5,264619.034,271020.655,535639.689,31.198
1674,Land-locked Countries (Others),2,Medium,2015,2015.5,29955.135,31867.696,61822.831,97.909
1636,Land-locked Developing Countries (LLDC),2,Medium,2015,2015.5,234663.899,239152.959,473816.858,28.65
418,Lao People's Democratic Republic,2,Medium,2015,2015.5,3381.013,3360.147,6741.16,29.208
904,Latin America and the Caribbean,2,Medium,2015,2015.5,307136.689,316797.437,623934.126,30.981
1532,Latin American Integration Association (ALADI),2,Medium,2015,2015.5,269706.795,278217,547923.795,28.629
1826,Latin American and Caribbean Group (GRULAC),2,Medium,2015,2015.5,304729.333,314155.363,618884.696,30.897
428,Latvia,2,Medium,2015,2015.5,915.727,1081.948,1997.675,32.117
941,Least developed countries,2,Medium,2015,2015.5,467923.968,473207.349,941131.317,46.733
1475,Least developed: Africa,2,Medium,2015,2015.5,302151.062,306238.126,608389.188,34.762
1476,Least developed: Asia,2,Medium,2015,2015.5,159989.27,161061.032,321050.302,125.022
1477,Least developed: Latin America and the Caribbean,2,Medium,2015,2015.5,5279.57,5415.97,10695.54,388.082
1478,Least developed: Oceania,2,Medium,2015,2015.5,504.066,492.221,996.287,24.288
422,Lebanon,2,Medium,2015,2015.5,3287.82,3244.861,6532.681,638.581
426,Lesotho,2,Medium,2015,2015.5,1011.929,1047.082,2059.011,67.82
902,Less developed regions,2,Medium,2015,2015.5,3109143.323,3014031.456,6123174.779,75.597
1479,Less developed: Africa,2,Medium,2015,2015.5,590281.019,592157.784,1182438.803,39.882
1480,Less developed: Asia,2,Medium,2015,2015.5,2205965.85,2099524.333,4305490.183,140.388
1481,Less developed: Latin America and the Caribbean,2,Medium,2015,2015.5,307136.689,316797.437,623934.126,30.981
1482,Less developed: Oceania,2,Medium,2015,2015.5,5759.765,5551.902,11311.667,20.915
430,Liberia,2,Medium,2015,2015.5,2243.64,2228.589,4472.229,46.431
434,Libya,2,Medium,2015,2015.5,3248.49,3169.825,6418.315,3.648
438,Liechtenstein,2,Medium,2015,2015.5,,,37.465,234.156
440,Lithuania,2,Medium,2015,2015.5,1350.137,1581.735,2931.872,46.78
1500,Low-income countries,2,Medium,2015,2015.5,338389.891,344185.808,682575.699,45.983
1501,Lower-middle-income countries,2,Medium,2015,2015.5,1476088.004,1417908.277,2893996.281,134.868
442,Luxembourg,2,Medium,2015,2015.5,284.441,282.3,566.741,218.819
450,Madagascar,2,Medium,2015,2015.5,12081.791,12152.289,24234.08,41.654
454,Malawi,2,Medium,2015,2015.5,8250.134,8495.171,16745.305,177.612
458,Malaysia,2,Medium,2015,2015.5,15585.167,14685.798,30270.965,92.135
462,Maldives,2,Medium,2015,2015.5,271.367,183.547,454.914,1516.38
466,Mali,2,Medium,2015,2015.5,8720.125,8718.647,17438.772,14.292
470,Malta,2,Medium,2015,2015.5,216.971,216.588,433.559,1354.872
584,Marshall Islands,2,Medium,2015,2015.5,,,57.444,319.133
474,Martinique,2,Medium,2015,2015.5,175.149,203.334,378.483,357.059
478,Mauritania,2,Medium,2015,2015.5,2027.548,2018.756,4046.304,3.926
480,Mauritius,2,Medium,2015,2015.5,623.795,635.662,1259.457,620.422
175,Mayotte,2,Medium,2015,2015.5,117.875,122.136,240.011,640.029
928,Melanesia,2,Medium,2015,2015.5,5156.584,4965.143,10121.727,19.112
484,Mexico,2,Medium,2015,2015.5,59594.171,62264.08,121858.251,62.686
954,Micronesia,2,Medium,2015,2015.5,264.538,258.388,522.926,164.961
583,Micronesia (Fed. States of),2,Medium,2015,2015.5,55.343,53.543,108.886,155.551
911,Middle Africa,2,Medium,2015,2015.5,76880.543,77322.684,154203.227,23.735
1517,Middle-income countries,2,Medium,2015,2015.5,2767958.947,2692556.64,5460515.587,70.919
492,Monaco,2,Medium,2015,2015.5,,,37.723,25317.45
496,Mongolia,2,Medium,2015,2015.5,1482.075,1516.358,2998.433,1.93
499,Montenegro,2,Medium,2015,2015.5,309.909,317.048,626.957,46.614
500,Montserrat,2,Medium,2015,2015.5,,,4.966,49.66
901,More developed regions,2,Medium,2015,2015.5,611553.051,645069.137,1256622.188,25.595
1483,More developed: Asia,2,Medium,2015,2015.5,62536.745,65448.394,127985.139,351.072
1484,More developed: Europe,2,Medium,2015,2015.5,358182.5,384876.478,743058.978,33.57
1485,More developed: Northern America,2,Medium,2015,2015.5,176639.49,180391.555,357031.045,19.142
1486,More developed: Oceania,2,Medium,2015,2015.5,14194.316,14352.71,28547.026,3.593
504,Morocco,2,Medium,2015,2015.5,17171.039,17492.569,34663.608,77.669
508,Mozambique,2,Medium,2015,2015.5,13092.038,13949.963,27042.001,34.388
104,Myanmar,2,Medium,2015,2015.5,25391.577,27289.147,52680.724,80.639
516,Namibia,2,Medium,2015,2015.5,1120.45,1194.451,2314.901,2.812
520,Nauru,2,Medium,2015,2015.5,,,10.374,518.7
524,Nepal,2,Medium,2015,2015.5,12397.963,14617.07,27015.033,188.455
528,Netherlands,2,Medium,2015,2015.5,8420.387,8518.105,16938.492,502.328
1108,Netherlands (and dependencies),2,Medium,2015,2015.5,8575.243,8691.976,17267.219,497.528
540,New Caledonia,2,Medium,2015,2015.5,136.673,134.389,271.062,14.828
1552,New EU member states (joined since 2004),2,Medium,2015,2015.5,50877.317,54240.105,105117.422,94.382
554,New Zealand,2,Medium,2015,2015.5,2268.961,2345.566,4614.527,17.525
1109,New Zealand (and dependencies),2,Medium,2015,2015.5,2279.029,2355.936,4634.965,17.569
558,Nicaragua,2,Medium,2015,2015.5,3067.18,3156.054,6223.234,51.714
562,Niger,2,Medium,2015,2015.5,10029.627,9972.036,20001.663,15.79
566,Nigeria,2,Medium,2015,2015.5,91720.564,89416.89,181137.454,198.884
570,Niue,2,Medium,2015,2015.5,,,1.61,6.192
1518,No income group available,2,Medium,2015,2015.5,1352.676,1418.355,2771.031,7.535
1615,Non-Self-Governing Territories,2,Medium,2015,2015.5,836.267,810.214,1646.481,5.431
1520,North American Free Trade Agreement (NAFTA),2,Medium,2015,2015.5,236170.43,242592.801,478763.231,23.719
1555,North Atlantic Treaty Organization (NATO),2,Medium,2015,2015.5,453322.48,469543.438,922865.918,40.332
807,North Macedonia,2,Medium,2015,2015.5,1040.4,1038.935,2079.335,82.448
912,Northern Africa,2,Medium,2015,2015.5,112443.617,111417.985,223861.602,28.813
1833,Northern Africa and Western Asia,2,Medium,2015,2015.5,246800.019,234719.996,481520.015,38.293
918,Northern America,2,Medium,2015,2015.5,176639.49,180391.555,357031.045,19.142
924,Northern Europe,2,Medium,2015,2015.5,50984.063,52534.893,103518.956,60.807
580,Northern Mariana Islands,2,Medium,2015,2015.5,,,55.779,121.259
578,Norway,2,Medium,2015,2015.5,2617.868,2581.959,5199.827,14.236
909,Oceania,2,Medium,2015,2015.5,19954.081,19904.612,39858.693,4.697
1835,Oceania (excluding Australia and New Zealand),2,Medium,2015,2015.5,5759.765,5551.902,11311.667,20.915
512,Oman,2,Medium,2015,2015.5,2782.946,1484.395,4267.341,13.788
1505,Organisation for Economic Co-operation and Development (OECD),2,Medium,2015,2015.5,629132.464,650893.472,1280025.936,37.137
2086,Organization for Security and Co-operation in Europe (OSCE),2,Medium,2015,2015.5,617261.647,650113.202,1267374.849,27.073
2085,Organization of American States (OAS),2,Medium,2015,2015.5,481305.592,494484.084,975789.676,25.497
1521,Organization of Petroleum Exporting countries (OPEC),2,Medium,2015,2015.5,240484.41,227830.603,468315.013,37.858
1570,Organization of the Islamic Conference (OIC),2,Medium,2015,2015.5,879665.308,855028.187,1734693.495,55.637
586,Pakistan,2,Medium,2015,2015.5,102640.691,96786.262,199426.953,258.7
585,Palau,2,Medium,2015,2015.5,,,17.665,38.402
591,Panama,2,Medium,2015,2015.5,1990.332,1978.158,3968.49,53.383
598,Papua New Guinea,2,Medium,2015,2015.5,4134.389,3973.383,8107.772,17.903
600,Paraguay,2,Medium,2015,2015.5,3403.641,3285.105,6688.746,16.836
604,Peru,2,Medium,2015,2015.5,15133.365,15337.374,30470.739,23.805
608,Philippines,2,Medium,2015,2015.5,51388.76,50724.446,102113.206,342.466
616,Poland,2,Medium,2015,2015.5,18434.8,19599.276,38034.076,124.201
957,Polynesia,2,Medium,2015,2015.5,338.643,328.371,667.014,82.449
620,Portugal,2,Medium,2015,2015.5,4909.968,5458.378,10368.346,113.204
630,Puerto Rico,2,Medium,2015,2015.5,1617.593,1763.919,3381.512,381.23
634,Qatar,2,Medium,2015,2015.5,1950.209,615.499,2565.708,220.991
410,Republic of Korea,2,Medium,2015,2015.5,25466.024,25357.063,50823.087,522.71
498,Republic of Moldova,2,Medium,2015,2015.5,1956.267,2114.438,4070.705,123.918
642,Romania,2,Medium,2015,2015.5,9699.862,10225.32,19925.182,86.567
643,Russian Federation,2,Medium,2015,2015.5,67171.355,77813.704,144985.059,8.853
646,Rwanda,2,Medium,2015,2015.5,5582.648,5786.418,11369.066,460.846
638,Réunion,2,Medium,2015,2015.5,418.093,445.266,863.359,345.344
2091,SIDS Caribbean,2,Medium,2015,2015.5,21057.751,21539.958,42597.709,188.752
2092,SIDS Pacific,2,Medium,2015,2015.5,5753.189,5544.969,11298.158,20.895
652,Saint Barthélemy,2,Medium,2015,2015.5,,,9.696,440.727
654,Saint Helena,2,Medium,2015,2015.5,,,5.869,15.049
659,Saint Kitts and Nevis,2,Medium,2015,2015.5,,,51.204,196.938
662,Saint Lucia,2,Medium,2015,2015.5,88.211,90.92,179.131,293.657
663,Saint Martin (French part),2,Medium,2015,2015.5,,,35.865,676.698
666,Saint Pierre and Miquelon,2,Medium,2015,2015.5,,,5.992,26.052
670,Saint Vincent and the Grenadines,2,Medium,2015,2015.5,55.581,53.554,109.135,279.833
882,Samoa,2,Medium,2015,2015.5,100.037,93.473,193.51,68.378
674,San Marino,2,Medium,2015,2015.5,,,33.27,554.5
678,Sao Tome and Principe,2,Medium,2015,2015.5,99.772,99.667,199.439,207.749
682,Saudi Arabia,2,Medium,2015,2015.5,18040.933,13676.743,31717.676,14.755
686,Senegal,2,Medium,2015,2015.5,7089.488,7488.962,14578.45,75.72
688,Serbia,2,Medium,2015,2015.5,4351.072,4525.705,8876.777,101.495
690,Seychelles,2,Medium,2015,2015.5,48.877,46.104,94.981,206.48
2073,Shanghai Cooperation Organization (SCO),2,Medium,2015,2015.5,1604671.933,1519655.05,3124326.983,94.774
694,Sierra Leone,2,Medium,2015,2015.5,3573.849,3598.06,7171.909,99.361
702,Singapore,2,Medium,2015,2015.5,2926.484,2665.659,5592.143,7988.776
534,Sint Maarten (Dutch part),2,Medium,2015,2015.5,,,39.967,1175.5
703,Slovakia,2,Medium,2015,2015.5,2641.214,2794.4,5435.614,113.035
705,Slovenia,2,Medium,2015,2015.5,1029.251,1041.948,2071.199,102.84
1637,Small Island Developing States (SIDS),2,Medium,2015,2015.5,34609.523,34245.997,68855.52,57.563
90,Solomon Islands,2,Medium,2015,2015.5,306.577,296.556,603.133,21.548
706,Somalia,2,Medium,2015,2015.5,6882.856,6914.348,13797.204,21.993
710,South Africa,2,Medium,2015,2015.5,27337.004,28049.365,55386.369,45.657
931,South America,2,Medium,2015,2015.5,203289.834,209072.856,412362.69,23.616
1321,South Asian Association for Regional Cooperation (SAARC),2,Medium,2015,2015.5,903898.356,845456.735,1749355.091,366.62
728,South Sudan,2,Medium,2015,2015.5,5360.486,5355.171,10715.657,17.539
920,South-Eastern Asia,2,Medium,2015,2015.5,316953.785,317351.914,634305.699,146.13
913,Southern Africa,2,Medium,2015,2015.5,31022.829,31962.206,62985.035,23.762
1564,Southern African Development Community (SADC),2,Medium,2015,2015.5,157444.844,160999.012,318443.856,33.009
5501,Southern Asia,2,Medium,2015,2015.5,943628.499,884218.8,1827847.299,285.595
1534,Southern Common Market (MERCOSUR),2,Medium,2015,2015.5,147112.637,151486.856,298599.493,21.904
925,Southern Europe,2,Medium,2015,2015.5,74662.665,78402.208,153064.873,118.204
724,Spain,2,Medium,2015,2015.5,22916.241,23755.678,46671.919,93.568
144,Sri Lanka,2,Medium,2015,2015.5,10077.662,10830.362,20908.024,333.408
275,State of Palestine,2,Medium,2015,2015.5,2298.185,2230.975,4529.16,752.352
947,Sub-Saharan Africa,2,Medium,2015,2015.5,477837.402,480739.799,958577.201,43.813
729,Sudan,2,Medium,2015,2015.5,19424.627,19478.321,38902.948,22.041
740,Suriname,2,Medium,2015,2015.5,281.315,277.821,559.136,3.584
752,Sweden,2,Medium,2015,2015.5,4880.856,4884.093,9764.949,23.797
756,Switzerland,2,Medium,2015,2015.5,4106.189,4190.586,8296.775,209.96
760,Syrian Arab Republic,2,Medium,2015,2015.5,9065.978,8931.433,17997.411,98.009
762,Tajikistan,2,Medium,2015,2015.5,4265.336,4188.683,8454.019,60.403
764,Thailand,2,Medium,2015,2015.5,33559.468,35155.051,68714.519,134.5
626,Timor-Leste,2,Medium,2015,2015.5,604.739,591.555,1196.294,80.45
768,Togo,2,Medium,2015,2015.5,3638.658,3684.504,7323.162,134.642
772,Tokelau,2,Medium,2015,2015.5,,,1.247,124.7
776,Tonga,2,Medium,2015,2015.5,50.373,50.407,100.78,139.972
780,Trinidad and Tobago,2,Medium,2015,2015.5,677.717,692.615,1370.332,267.121
788,Tunisia,2,Medium,2015,2015.5,5541.626,5638.325,11179.951,71.962
792,Turkey,2,Medium,2015,2015.5,38650.062,39879.351,78529.413,102.035
795,Turkmenistan,2,Medium,2015,2015.5,2740.07,2825.213,5565.283,11.843
796,Turks and Caicos Islands,2,Medium,2015,2015.5,,,35.979,37.873
798,Tuvalu,2,Medium,2015,2015.5,,,11.099,369.967
1735,UN-ECE: member countries,2,Medium,2015,2015.5,619735.536,652618.586,1272354.122,28.099
1819,UNFPA Regions,2,Medium,2015,2015.5,3063222.497,2982495.343,6045717.84,76.364
1611,UNFPA: Arab States (AS),2,Medium,2015,2015.5,173001.6,169708.309,342709.909,35.279
1610,UNFPA: Asia and the Pacific (AP),2,Medium,2015,2015.5,1999083.856,1902574.006,3901657.862,174.848
1703,UNFPA: East and Southern Africa (ESA),2,Medium,2015,2015.5,268011.072,272864.617,540875.689,44.414
1612,UNFPA: Eastern Europe and Central Asia (EECA),2,Medium,2015,2015.5,116279.188,123010.462,239289.65,40.673
1613,UNFPA: Latin America and the Caribbean (LAC),2,Medium,2015,2015.5,304974.252,314424.388,619398.64,30.919
1704,UNFPA: West and Central Africa (WCA),2,Medium,2015,2015.5,201872.529,199913.561,401786.09,44.412
1818,UNICEF PROGRAMME REGIONS,2,Medium,2015,2015.5,3107375.871,3017017.213,6124393.084,74.844
1586,UNICEF Programme Regions: East Asia and Pacific (EAPRO),2,Medium,2015,2015.5,1055455.357,1018355.206,2073810.563,130.31
2042,UNICEF Programme Regions: Eastern Caribbean,2,Medium,2015,2015.5,1162.646,1191.204,2353.85,244.175
1587,UNICEF Programme Regions: Eastern and Southern Africa (ESARO),2,Medium,2015,2015.5,236250.173,240918.731,477168.904,45.288
1585,UNICEF Programme Regions: Europe and Central Asia (CEECIS),2,Medium,2015,2015.5,131825.998,139448.404,271274.402,43.119
2041,UNICEF Programme Regions: Latin America,2,Medium,2015,2015.5,303427.224,312813.794,616241.018,30.793
1589,UNICEF Programme Regions: Latin America and Caribbean (LACRO),2,Medium,2015,2015.5,304589.87,314004.998,618594.868,30.896
1590,UNICEF Programme Regions: Middle East and North Africa (MENARO),2,Medium,2015,2015.5,235463.628,220695.006,456158.634,35.146
1591,UNICEF Programme Regions: South Asia (ROSA),2,Medium,2015,2015.5,903898.356,845456.735,1749355.091,366.62
1592,UNICEF Programme Regions: West and Central Africa (WCARO),2,Medium,2015,2015.5,239892.489,238138.133,478030.622,42.252
2035,UNICEF REGIONS,2,Medium,2015,2015.5,3720696.374,3659100.593,7379796.967,56.727
2036,UNICEF Regions: East Asia and Pacific,2,Medium,2015,2015.5,1176603.156,1142745.153,2319348.309,95.104
2034,UNICEF Regions: Eastern Europe and Central Asia,2,Medium,2015,2015.5,198997.353,217262.108,416259.461,18.363
2039,UNICEF Regions: Eastern and Southern Africa,2,Medium,2015,2015.5,257366.557,262077.101,519443.658,42.129
2029,UNICEF Regions: Europe and Central Asia,2,Medium,2015,2015.5,439368.17,468433.682,907801.852,33.596
2031,UNICEF Regions: Latin America and Caribbean,2,Medium,2015,2015.5,307136.689,316797.437,623934.126,30.981
2037,UNICEF Regions: Middle East and North Africa,2,Medium,2015,2015.5,219788.484,205057.911,424846.395,37.012
2032,UNICEF Regions: North America,2,Medium,2015,2015.5,176639.49,180391.555,357031.045,19.142
2038,UNICEF Regions: South Asia,2,Medium,2015,2015.5,903898.356,845456.735,1749355.091,366.62
2033,UNICEF Regions: Sub-Saharan Africa,2,Medium,2015,2015.5,497262.029,500218.12,997480.149,42.187
2040,UNICEF Regions: West and Central Africa,2,Medium,2015,2015.5,239895.472,238141.019,478036.491,42.251
2030,UNICEF Regions: Western Europe,2,Medium,2015,2015.5,240370.817,251171.574,491542.391,112.921
1822,UNITED NATIONS Regional Groups of Member States,2,Medium,2015,2015.5,3718121.553,3656619.253,7374740.954,56.807
800,Uganda,2,Medium,2015,2015.5,18775.708,19449.739,38225.447,191.309
804,Ukraine,2,Medium,2015,2015.5,20781.964,24139.672,44921.636,77.542
784,United Arab Emirates,2,Medium,2015,2015.5,6520.854,2742.042,9262.896,110.8
826,United Kingdom,2,Medium,2015,2015.5,32461.498,33398.651,65860.149,272.228
1110,United Kingdom (and dependencies),2,Medium,2015,2015.5,32708.449,33652.554,66361.003,258.375
1730,United Nations Economic Commission for Africa (UN-ECA),2,Medium,2015,2015.5,589465.802,591337.551,1180803.353,40.192
1745,United Nations Economic Commission for Latin America and the Caribbean (UN-ECLAC),2,Medium,2015,2015.5,307135.292,316795.998,623931.29,30.999
1760,United Nations Economic and Social Commission for Asia and the Pacific (UN-ESCAP) Regions,2,Medium,2015,2015.5,2256234.728,2175956.844,4432191.572,85.224
1599,United Nations Member States,2,Medium,2015,2015.5,3718121.553,3656619.253,7374740.806,56.807
834,United Republic of Tanzania,2,Medium,2015,2015.5,25696.138,25786.5,51482.638,58.12
850,United States Virgin Islands,2,Medium,2015,2015.5,50.012,54.938,104.95,299.857
840,United States of America,2,Medium,2015,2015.5,158712.121,162166.191,320878.312,35.079
1111,United States of America (and dependencies),2,Medium,2015,2015.5,160518.619,164119.591,324638.21,35.449
1502,Upper-middle-income countries,2,Medium,2015,2015.5,1291870.943,1274648.363,2566519.306,46.212
858,Uruguay,2,Medium,2015,2015.5,1645.672,1766.341,3412.013,19.495
860,Uzbekistan,2,Medium,2015,2015.5,15406.833,15522.723,30929.556,72.707
548,Vanuatu,2,Medium,2015,2015.5,137.573,133.555,271.128,22.242
862,Venezuela (Bolivarian Republic of),2,Medium,2015,2015.5,14953.214,15128.613,30081.827,34.104
704,Viet Nam,2,Medium,2015,2015.5,46197.466,46479.616,92677.082,298.891
1509,WB region: East Asia and Pacific (excluding high income),2,Medium,2015,2015.5,1055463.946,1018364.32,2073828.266,130.317
1510,WB region: Europe and Central Asia (excluding high income),2,Medium,2015,2015.5,196961.948,215064.639,412026.587,18.221
1511,WB region: Latin America and Caribbean (excluding high income),2,Medium,2015,2015.5,270192.19,278092.597,548284.787,33.669
1512,WB region: Middle East and North Africa (excluding high income),2,Medium,2015,2015.5,183641.314,180593.31,364234.624,42.152
1513,WB region: South Asia (excluding high income),2,Medium,2015,2015.5,903898.356,845456.735,1749355.091,366.62
1508,WB region: Sub-Saharan Africa (excluding high income),2,Medium,2015,2015.5,496191.084,499170.847,995361.931,42.146
1820,WHO Regions,2,Medium,2015,2015.5,3699119.616,3636791.891,7335911.507,56.763
1593,WHO: African region (AFRO),2,Medium,2015,2015.5,489996.369,492488.411,982484.78,41.618
1596,WHO: Americas (AMRO),2,Medium,2015,2015.5,481305.592,494484.084,975789.676,25.497
1595,WHO: Eastern Mediterranean Region (EMRO),2,Medium,2015,2015.5,340311.265,319227.949,659539.214,52.169
1594,WHO: European Region (EURO),2,Medium,2015,2015.5,443140.734,472270.943,915411.677,33.853
1597,WHO: South-East Asia region (SEARO),2,Medium,2015,2015.5,985574.375,936098.786,1921673.161,297.525
1598,WHO: Western Pacific region (WPRO),2,Medium,2015,2015.5,958791.281,922221.718,1881012.999,88.657
876,Wallis and Futuna Islands,2,Medium,2015,2015.5,,,12.262,87.586
1543,West African Economic and Monetary Union (UEMOA),2,Medium,2015,2015.5,56360.015,56631.965,112991.98,32.597
914,Western Africa,2,Medium,2015,2015.5,176806.173,174911.471,351717.644,58
922,Western Asia,2,Medium,2015,2015.5,134356.402,123302.011,257658.413,53.622
926,Western Europe,2,Medium,2015,2015.5,94100.569,97983.83,192084.399,177.07
1827,Western European and Others Group (WEOG),2,Medium,2015,2015.5,441763.791,455546.708,897310.499,28.798
732,Western Sahara,2,Medium,2015,2015.5,276.266,249.945,526.211,1.978
900,World,2,Medium,2015,2015.5,3720696.374,3659100.593,7379796.967,56.727
1801,World Bank Regional Groups (developing only),2,Medium,2015,2015.5,3106348.838,3036742.448,6143091.286,66.889
887,Yemen,2,Medium,2015,2015.5,13356.196,13141.685,26497.881,50.188
894,Zambia,2,Medium,2015,2015.5,7857.171,8022.199,15879.37,21.361
716,Zimbabwe,2,Medium,2015,2015.5,6568.778,7245.864,13814.642,35.711
